ID,Blue Side,Red Side,Victor,Blue Ban 1,Blue Ban 2,Blue Ban 3,Blue Ban 4,Blue Ban 5,Red Ban 1,Red Ban 2,Red Ban 3,Red Ban 4,Red Ban 5,Blue Pick 1,Blue Pick 2,Blue Pick 3,Blue Pick 4,Blue Pick 5,Red Pick 1,Red Pick 2,Red Pick 3,Red Pick 4,Red Pick 5
1,Dewa United,AURA Fire,Dewa United,Arlott,Wanwan,Kaja,Minsitthar,Melissa,Valentina,Yve,Fanny,Lancelot,Hayabusa,Faramis,Brody,Joy,Franco,Terizla,Ling,Angela,Pharsa,Fredrinn,Beatrix
2,Dewa United,AURA Fire,AURA Fire,Arlott,Wanwan,Angela,Kadita,Khufra,Yve,Fanny,Joy,Karrie,Beatrix,Valentina,Lancelot,Kaja,Fredrinn,Claude,Ling,Uranus,Brody,Pharsa,Franco
3,Dewa United,AURA Fire,Dewa United,Arlott,Wanwan,Ling,Lancelot,Bane,Fanny,Joy,Yve,Franco,Beatrix,Uranus,Kaja,Valentina,Hayabusa,Karrie,Fredrinn,Angela,Brody,Pharsa,Paquito
4,Alter Ego,Rebellion Zion,Alter Ego,Kadita,Ling,Khufra,Brody,Karrie,Valentina,Kaja,Yve,Pharsa,Melissa,Fanny,Claude,Uranus,Edith,Angela,Faramis,Lancelot,Beatrix,Paquito,Arlott
5,Alter Ego,Rebellion Zion,Rebellion Zion,Ling,Kadita,Khufra,Lunox,Karrie,Valentina,Angela,Fanny,Hilda,Edith,Arlott,Pharsa,Claude,Martis,Uranus,Paquito,Kaja,Lancelot,Yve,Lesley
6,Rebellion Zion,Alter Ego,Rebellion Zion,Angela,Ling,Kadita,Fredrinn,Edith,Fanny,Kaja,Yve,Lancelot,Arlott,Valentina,Paquito,Claude,Martis,Novaria,Pharsa,Uranus,Lesley,Hilda,Hayabusa
7,Geek Fam ID,Bigetron Alpha,Bigetron Alpha,Fanny,Uranus,Angela,Franco,Kaja,Fredrinn,Arlott,Valentina,Hilda,Natalia,Joy,Claude,Yve,Lancelot,Grock,Faramis,Paquito,Ling,Harith,Chou
8,Bigetron Alpha,Geek Fam ID,Geek Fam ID,Arlott,Fredrinn,Uranus,Hilda,Grock,Paquito,Joy,Angela,Franco,Kaja,Fanny,Kadita,Esmeralda,Bane,Chou,Valentina,Brody,Gloo,Khufra,Lancelot
9,Geek Fam ID,Bigetron Alpha,Bigetron Alpha,Paquito,Angela,Fanny,Hilda,Gloo,Valentina,Fredrinn,Uranus,Franco,Harith,Arlott,Ling,Pharsa,Claude,Khufra,Joy,Faramis,Grock,Kaja,Karrie
10,AURA Fire,Rex Regum Qeon,Rex Regum Qeon,Fanny,Franco,Angela,Fredrinn,Arlott,Joy,Valentina,Ling,Lesley,Harith,Uranus,Hayabusa,Yve,Beatrix,Khufra,Kaja,Claude,Kadita,Paquito,Baxia
11,AURA Fire,Rex Regum Qeon,Rex Regum Qeon,Fanny,Angela,Kadita,Fredrinn,Paquito,Ling,Valentina,Joy,Lancelot,Lesley,Arlott,Franco,Pharsa,Karrie,Martis,Claude,Yve,Kaja,Grock,Baxia
12,Bigetron Alpha,Alter Ego,Bigetron Alpha,Angela,Hilda,Uranus,Hayabusa,Lancelot,Fanny,Valentina,Joy,Ling,Helcurt,Paquito,Faramis,Claude,Floryn,Alice,Fredrinn,Bane,Yve,Harith,Kadita
13,Bigetron Alpha,Alter Ego,Bigetron Alpha,Angela,Hilda,Uranus,Fredrinn,Masha,Fanny,Valentina,Paquito,Chou,Faramis,Joy,Grock,Beatrix,Yve,Khufra,Khaleed,Baxia,Kadita,Kaja,Claude
14,Dewa United,Rebellion Zion,Rebellion Zion,Wanwan,Kaja,Ling,Hilda,Bane,Valentina,Fanny,Kadita,Faramis,Yve,Hayabusa,Brody,Uranus,Franco,Lunox,Paquito,Pharsa,Claude,Fredrinn,Edith
15,Dewa United,Rebellion Zion,Dewa United,Kaja,Wanwan,Paquito,Melissa,Harith,Valentina,Fanny,Uranus,Franco,Brody,Joy,Terizla,Faramis,Beatrix,Chou,Angela,Arlott,Ling,Esmeralda,Gloo
16,Dewa United,Rebellion Zion,Dewa United,Paquito,Kaja,Wanwan,Kadita,Pharsa,Valentina,Fanny,Uranus,Franco,Chou,Ling,Terizla,Yve,Arlott,Lesley,Fredrinn,Angela,Claude,Esmeralda,Lunox
17,ONIC Esport,Rex Regum Qeon,ONIC Esport,Claude,Yve,Hilda,Kadita,Pharsa,Fanny,Valentina,Ling,Kaja,Chou,Faramis,Paquito,Dyrroth,Harith,Khufra,Angela,Uranus,Beatrix,Franco,Bane
18,ONIC Esport,Rex Regum Qeon,Rex Regum Qeon,Claude,Yve,Pharsa,Franco,Natalia,Fanny,Ling,Joy,Lancelot,Chou,Valentina,Melissa,Uranus,Minotaur,Granger,Kadita,Paquito,Beatrix,Baxia,Khufra
19,ONIC Esport,Rex Regum Qeon,Rex Regum Qeon,Claude,Yve,Kadita,Wanwan,Beatrix,Fanny,Ling,Joy,Lancelot,Masha,Valentina,Chou,Harith,Yu Zhong,Bane,Pharsa,Paquito,Baxia,Brody,Khufra
20,ONIC Esport,Geek Fam ID,ONIC Esport,Natalia,Hilda,Valentina,Grock,Lancelot,Joy,Ling,Fanny,Khufra,Chou,Paquito,Kadita,Claude,Akai,Arlott,Fredrinn,Pharsa,Beatrix,Kaja,Hayabusa
21,Geek Fam ID,ONIC Esport,ONIC Esport,Fanny,Ling,Claude,Dyrroth,Harith,Kaja,Yve,Valentina,Franco,Uranus,Fredrinn,Pharsa,Beatrix,Rafaela,Lancelot,Kadita,Paquito,Grock,Brody,Joy
22,Rebellion Zion,Rex Regum Qeon,Rex Regum Qeon,Claude,Kadita,Pharsa,Lunox,Arlott,Yve,Paquito,Fanny,Atlas,Wanwan,Valentina,Uranus,Lancelot,Melissa,Edith,Baxia,Beatrix,Khufra,Esmeralda,Cecilion
23,Rebellion Zion,Rex Regum Qeon,Rex Regum Qeon,Claude,Baxia,Kadita,Khufra,Arlott,Yve,Paquito,Fanny,Kaja,Angela,Valentina,Uranus,Karrie,Martis,Novaria,Beatrix,Fredrinn,Pharsa,Natalia,Dyrroth
24,Dewa United,Bigetron Alpha,Bigetron Alpha,Paquito,Angela,Joy,Baxia,Grock,Uranus,Yve,Fanny,Ling,Hayabusa,Fredrinn,Beatrix,Kadita,Khufra,Bane,Kaja,Valentina,Wanwan,Lancelot,Terizla
25,Dewa United,Bigetron Alpha,Bigetron Alpha,Paquito,Angela,Fanny,Hilda,Grock,Uranus,Valentina,Yve,Franco,Kaja,Ling,Terizla,Faramis,Beatrix,Chou,Joy,Fredrinn,Melissa,Arlott,Diggie
26,Alter Ego,ONIC Esport,ONIC Esport,Ling,Joy,Fanny,Khufra,Masha,Angela,Melissa,Yve,Martis,Estes,Valentina,Baxia,Beatrix,Floryn,Paquito,Lancelot,Fredrinn,Claude,Kaja,Kadita
27,Alter Ego,ONIC Esport,ONIC Esport,Ling,Joy,Fanny,Dyrroth,Kaja,Angela,Melissa,Yve,Wanwan,Estes,Valentina,Uranus,Martis,Beatrix,Floryn,Claude,Kadita,Paquito,Franco,Lancelot
28,Geek Fam ID,EVOS Legends,EVOS Legends,Uranus,Yve,Claude,Arlott,Brody,Valentina,Kaja,Natalia,Fanny,Harith,Paquito,Franco,Pharsa,Karrie,Lancelot,Faramis,Joy,Atlas,Beatrix,Terizla
29,EVOS Legends,Geek Fam ID,Geek Fam ID,Valentina,Kaja,Natalia,Lesley,Harith,Joy,Yve,Paquito,Franco,Akai,Claude,Grock,Kadita,Ruby,Martis,Faramis,Fanny,Gloo,Chou,Wanwan
30,Geek Fam ID,EVOS Legends,EVOS Legends,Joy,Paquito,Yve,Akai,Terizla,Valentina,Kaja,Faramis,Atlas,Chou,Fanny,Pharsa,Gloo,Wanwan,Grock,Kadita,Franco,Beatrix,Fredrinn,Bane
31,ONIC Esport,Dewa United,ONIC Esport,Uranus,Yve,Hilda,Masha,Wanwan,Fanny,Angela,Lancelot,Terizla,Fredrinn,Ling,Kadita,Franco,Harith,Edith,Valentina,Kaja,Martis,Arlott,Brody
32,Dewa United,ONIC Esport,ONIC Esport,Kadita,Kaja,Fredrinn,Khufra,Ruby,Uranus,Paquito,Faramis,Masha,Terizla,Fanny,Franco,Valentina,Wanwan,Esmeralda,Joy,Angela,Arlott,Edith,Melissa
33,AURA Fire,Rebellion Zion,Rebellion Zion,Kaja,Yve,Paquito,Uranus,Arlott,Fanny,Fredrinn,Ling,Terizla,Kadita,Claude,Joy,Angela,Ruby,Novaria,Valentina,Franco,Beatrix,Baxia,Grock
34,AURA Fire,Rebellion Zion,Rebellion Zion,Kaja,Yve,Paquito,Baxia,Edith,Ling,Fredrinn,Fanny,Martis,Arlott,Valentina,Grock,Claude,Khufra,Hayabusa,Kadita,Franco,Beatrix,Joy,Terizla
35,Alter Ego,Geek Fam ID,Geek Fam ID,Kaja,Natalia,Valentina,Lancelot,Ling,Angela,Uranus,Melissa,Hilda,Terizla,Fanny,Yve,Karrie,Edith,X.Borg,Fredrinn,Grock,Beatrix,Faramis,Joy
36,Geek Fam ID,Alter Ego,Geek Fam ID,Angela,Melissa,Uranus,Kadita,Floryn,Fanny,Kaja,Natalia,Joy,Franco,Valentina,Beatrix,Gloo,Chou,Bane,Arlott,Faramis,Ling,Brody,Diggie
37,Rex Regum Qeon,EVOS Legends,EVOS Legends,Joy,Ling,Fanny,Terizla,Uranus,Kadita,Baxia,Claude,Khufra,Franco,Paquito,Karrie,Pharsa,Grock,Fredrinn,Yve,Beatrix,Kaja,Akai,Helcurt
38,EVOS Legends,Rex Regum Qeon,Rex Regum Qeon,Kadita,Baxia,Claude,Kaja,Khufra,Joy,Fanny,Yve,Helcurt,Ling,Valentina,Terizla,Franco,Brody,Bane,Beatrix,Paquito,Pharsa,X.Borg,Chou
39,Rex Regum Qeon,EVOS Legends,Rex Regum Qeon,Joy,Fanny,Ling,Helcurt,Uranus,Baxia,Claude,Paquito,Wanwan,Harith,Fredrinn,Yve,Khufra,Karrie,X.Borg,Beatrix,Chou,Kadita,Lancelot,Esmeralda
40,EVOS Legends,Alter Ego,EVOS Legends,Valentina,Kadita,Melissa,Floryn,Uranus,Fanny,Joy,Faramis,Brody,Beatrix,Yve,Angela,Ling,Paquito,Lesley,Pharsa,Claude,Baxia,Lapu-Lapu,Helcurt
41,Alter Ego,EVOS Legends,EVOS Legends,Fanny,Claude,Uranus,Joy,Helcurt,Valentina,Melissa,Yve,Terizla,Esmeralda,Angela,Ling,Beatrix,Khufra,Arlott,Faramis,Kaja,Brody,Paquito,Masha
42,Bigetron Alpha,Rex Regum Qeon,Rex Regum Qeon,Claude,Baxia,Kadita,X.Borg,Uranus,Joy,Fanny,Angela,Franco,Kaja,Paquito,Wanwan,Valentina,Grock,Gloo,Beatrix,Yve,Khufra,Fredrinn,Ling
43,Bigetron Alpha,Rex Regum Qeon,Rex Regum Qeon,Claude,Baxia,Yve,Franco,Khufra,Fanny,Angela,Joy,Diggie,Floryn,Paquito,Melissa,Valentina,Grock,Lancelot,Beatrix,Fredrinn,Kadita,Chou,Arlott
44,AURA Fire,Bigetron Alpha,AURA Fire,Fanny,Joy,Melissa,Claude,Ling,Valentina,Yve,Angela,Lancelot,Martis,Paquito,Beatrix,Pharsa,Novaria,Akai,Fredrinn,Faramis,Grock,Wanwan,Uranus
45,AURA Fire,Bigetron Alpha,AURA Fire,Joy,Melissa,Fanny,Harith,Claude,Valentina,Yve,Paquito,Baxia,Kadita,Faramis,Uranus,Beatrix,Lancelot,Arlott,Fredrinn,Angela,Ling,Ruby,Bane
46,Dewa United,EVOS Legends,EVOS Legends,Fanny,Ling,Kadita,Pharsa,Claude,Joy,Yve,Faramis,Franco,Kaja,Valentina,Uranus,Lancelot,Khufra,Brody,Fredrinn,Angela,Paquito,Beatrix,Novaria
47,Dewa United,EVOS Legends,EVOS Legends,Ling,Fanny,Kadita,Paquito,Baxia,Joy,Yve,Uranus,Kaja,Franco,Valentina,Terizla,Lancelot,Grock,Karrie,Fredrinn,Beatrix,Pharsa,Edith,X.Borg
48,Dewa United,Geek Fam ID,Dewa United,Valentina,Natalia,Kaja,Ling,Lancelot,Joy,Faramis,Uranus,Khufra,Beatrix,Fanny,Terizla,Yve,Arlott,Claude,Pharsa,Chou,Gloo,Martis,Karrie
49,Dewa United,Geek Fam ID,Dewa United,Valentina,Natalia,Kaja,Ling,Lancelot,Joy,Yve,Faramis,Kadita,Khufra,Fanny,Uranus,Beatrix,Ruby,Novaria,Pharsa,Chou,Gloo,Karrie,Bane
50,AURA Fire,ONIC Esport,AURA Fire,Fanny,Joy,Kadita,Grock,Chou,Uranus,Paquito,Angela,Hilda,Ling,Fredrinn,Beatrix,Yve,Badang,Arlott,Valentina,Claude,Ling,Akai,Terizla
51,AURA Fire,ONIC Esport,AURA Fire,Joy,Fanny,Kadita,Chou,Grock,Uranus,Paquito,Angela,Valentina,Faramis,Fredrinn,Beatrix,Arlott,Esmeralda,Pharsa,Yve,Claude,Masha,Kaja,Martis
52,Bigetron Alpha,Rebellion Zion,Bigetron Alpha,Franco,Kaja,Paquito,Arlott,Fanny,Valentina,Melissa,Joy,Akai,Martis,Uranus,Angela,Harith,Lapu-Lapu,Alpha,Fredrinn,Beatrix,Faramis,Edith,Grock
53,Bigetron Alpha,Rebellion Zion,Bigetron Alpha,Paquito,Kaja,Franco,Arlott,Baxia,Valentina,Melissa,Joy,Kadita,Pharsa,Uranus,Angela,Harith,Chou,Fanny,Fredrinn,Beatrix,Yve,Khufra,Grock
54,Rex Regum Qeon,Geek Fam ID,Geek Fam ID,Natalia,Joy,Fanny,Kaja,Arlott,Yve,Claude,Uranus,Terizla,Khufra,Faramis,Baxia,Karrie,Paquito,Chou,Fredrinn,Beatrix,Valentina,Kadita,Alpha
55,Geek Fam ID,Rex Regum Qeon,Rex Regum Qeon,Yve,Claude,Uranus,Arlott,Paquito,Fanny,Joy,Faramis,Diggie,Gloo,Beatrix,Valentina,Lancelot,Lapu-Lapu,Grock,Fredrinn,Kadita,Khufra,Brody,Khaleed
56,Rex Regum Qeon,Geek Fam ID,Geek Fam ID,Joy,Fanny,Faramis,Kaja,Chou,Yve,Claude,Khufra,Brody,Baxia,Kadita,Natalia,Uranus,Karrie,Martis,Fredrinn,Beatrix,Valentina,Alpha,Saber
57,EVOS Legends,ONIC Esport,ONIC Esport,Fanny,Joy,Ling,Beatrix,Harith,Fredrinn,Angela,Paquito,Martis,Dyrroth,Kadita,Claude,Kaja,Arlott,Baxia,Uranus,Valentina,Lancelot,Khufra,Wanwan
58,ONIC Esport,EVOS Legends,ONIC Esport,Uranus,Angela,Fredrinn,Martis,Baxia,Fanny,Joy,Kadita,Grock,Khufra,Valentina,Edith,Claude,Ling,Chou,Paquito,Beatrix,Kaja,Faramis,Arlott
59,Rebellion Zion,ONIC Esport,Rebellion Zion,Fanny,Kadita,Ling,Yve,Faramis,Fredrinn,Beatrix,Joy,Wanwan,Harith,Valentina,Kaja,Paquito,Baxia,Lesley,Claude,Uranus,Khufra,Pharsa,Alpha
60,ONIC Esport,Rebellion Zion,ONIC Esport,Kaja,Paquito,Hilda,Franco,Arlott,Fanny,Joy,Ling,Melissa,Uranus,Kadita,Fredrinn,Valentina,Hayabusa,Beatrix,Faramis,Grock,Martis,Claude,Floryn
61,ONIC Esport,Rebellion Zion,ONIC Esport,Kaja,Paquito,Hilda,Edith,Franco,Fanny,Joy,Valentina,Yve,Melissa,Ling,Angela,Arlott,Harith,Atlas,Fredrinn,Beatrix,Faramis,Khufra,Grock
62,AURA Fire,EVOS Legends,EVOS Legends,Kaja,Kadita,Uranus,Franco,Grock,Yve,Joy,Fredrinn,Fanny,X.Borg,Paquito,Arlott,Pharsa,Baxia,Claude,Valentina,Beatrix,Terizla,Martis,Edith
63,EVOS Legends,AURA Fire,AURA Fire,Yve,Uranus,Angela,Claude,Masha,Joy,Paquito,Kadita,Kaja,Franco,Beatrix,Pharsa,Baxia,Ruby,Edith,Fredrinn,Valentina,Arlott,Karrie,Novaria
64,AURA Fire,EVOS Legends,EVOS Legends,Kaja,Kadita,Yve,Franco,Edith,Paquito,Joy,Arlott,Novaria,Floryn,Fredrinn,Valentina,Uranus,Selena,Karrie,Angela,Beatrix,Baxia,Terizla,Pharsa
65,Alter Ego,Dewa United,Alter Ego,Kaja,Valentina,Franco,Arlott,Khufra,Angela,Uranus,Kadita,Fredrinn,Melissa,Joy,Chou,Pharsa,Irithel,Terizla,Yve,Paquito,Fanny,Beatrix,Ruby
66,Alter Ego,Dewa United,Alter Ego,Kaja,Valentina,Franco,Lancelot,Martis,Angela,Uranus,Joy,Edith,Baxia,Fanny,Yve,Terizla,Kadita,Irithel,Arlott,Pharsa,Khufra,Beatrix,Ling
67,AURA Fire,Geek Fam ID,AURA Fire,Joy,Fanny,Natalia,Gloo,Kaja,Paquito,Angela,Uranus,Brody,Novaria,Fredrinn,Edith,Kadita,Khaleed,Claude,Valentina,Beatrix,Martis,Khufra,Arlott
68,Geek Fam ID,AURA Fire,AURA Fire,Paquito,Edith,Uranus,Esmeralda,Terizla,Fanny,Joy,Natalia,Kaja,Lesley,Fredrinn,Faramis,Gloo,Irithel,Novaria,Kadita,Lancelot,Claude,Yu Zhong,Pharsa
69,Rebellion Zion,EVOS Legends,Rebellion Zion,Kadita,Kaja,Claude,Wanwan,Brody,Joy,Angela,Fanny,Ling,Uranus,Beatrix,Franco,Fredrinn,Yve,Arlott,Paquito,Valentina,Atlas,Lancelot,Harith
70,EVOS Legends,Rebellion Zion,Rebellion Zion,Kaja,Uranus,Angela,Yve,Novaria,Kadita,Paquito,Valentina,Grock,Faramis,Joy,Floryn,Fredrinn,Ruby,Brody,Franco,Beatrix,Fanny,Terizla,Gord
71,ONIC Esport,Bigetron Alpha,ONIC Esport,Paquito,Uranus,Angela,Khufra,Franco,Fanny,Kadita,Joy,Lancelot,Ling,Faramis,Kaja,Beatrix,Hayabusa,Gloo,Fredrinn,Valentina,Melissa,Edith,Alucard
72,Bigetron Alpha,ONIC Esport,ONIC Esport,Fanny,Kadita,Valentina,Harith,Wanwan,Paquito,Faramis,Angela,X.Borg,Uranus,Joy,Beatrix,Franco,Arlott,Pharsa,Fredrinn,Kaja,Lancelot,Novaria,Clint
73,EVOS Legends,Bigetron Alpha,EVOS Legends,Uranus,Paquito,Fanny,Melissa,Ling,Angela,Kadita,Kaja,Beatrix,Lesley,Joy,Terizla,Faramis,Clint,Edith,Valentina,Fredrinn,Franco,Claude,X.Borg
74,EVOS Legends,Bigetron Alpha,Bigetron Alpha,Uranus,Paquito,Fanny,Masha,Terizla,Angela,Faramis,Valentina,Ling,Lancelot,Kadita,Fredrinn,Beatrix,Martis,Pharsa,Kaja,Joy,Wanwan,Gloo,Novaria
75,EVOS Legends,Bigetron Alpha,Bigetron Alpha,Uranus,Fanny,Kaja,Wanwan,Lesley,Faramis,Angela,Valentina,Edith,Atlas,Joy,Terizla,Claude,Grock,Yve,Kadita,Paquito,Franco,Karrie,Baxia
76,Geek Fam ID,Rebellion Zion,Geek Fam ID,Yve,Franco,Claude,Martis,Ling,Natalia,Fanny,Kaja,Brody,Chou,Kadita,Uranus,Lancelot,Minotaur,Beatrix,Angela,Harith,Arlott,Paquito,Leomord
77,Geek Fam ID,Rebellion Zion,Geek Fam ID,Yve,Franco,Claude,Edith,Novaria,Natalia,Fanny,Kadita,Joy,Ling,Kaja,Valentina,Terizla,Karrie,Lancelot,Fredrinn,Beatrix,Pharsa,Khufra,Arlott
78,Alter Ego,Rex Regum Qeon,Alter Ego,Claude,Beatrix,Paquito,Yve,Faramis,Ling,Joy,Fanny,Pharsa,Helcurt,Kadita,Terizla,Brody,Chou,Hayabusa,Irithel,Fredrinn,X.Borg,Valir,Khufra
79,Alter Ego,Rex Regum Qeon,Alter Ego,Claude,Beatrix,Paquito,Kaja,Chou,Fanny,Joy,Kadita,X.Borg,Uranus,Irithel,Yve,Martis,Gloo,Novaria,Brody,Terizla,Valentina,Franco,Ling
80,Alter Ego,AURA Fire,Alter Ego,Fredrinn,Paquito,Claude,Beatrix,Brody,Fanny,Joy,Kadita,Hayabusa,Ling,Valentina,Irithel,Terizla,Chou,Helcurt,Lancelot,Edith,Yve,Karrie,X.Borg
81,Alter Ego,AURA Fire,Alter Ego,Fredrinn,Paquito,Claude,Lancelot,Novaria,Fanny,Joy,Terizla,Gloo,Helcurt,Kadita,Valentina,Irithel,Hylos,Yu Zhong,Beatrix,Edith,Pharsa,Martis,Uranus
82,Dewa United,Rex Regum Qeon,Rex Regum Qeon,Paquito,Claude,Uranus,X.Borg,Kadita,Joy,Fanny,Ling,Irithel,Brody,Terizla,Lancelot,Valentina,Kaja,Clint,Chou,Fredrinn,Beatrix,Yve,Yu Zhong
83,Dewa United,Rex Regum Qeon,Rex Regum Qeon,Claude,Paquito,Uranus,Yu Zhong,Pharsa,Joy,Fanny,Ling,Brody,Beatrix,Terizla,Lancelot,Yve,Khufra,Melissa,Fredrinn,Chou,Irithel,Kadita,Lapu-Lapu
84,Dewa United,AURA Fire,AURA Fire,Paquito,Fredrinn,Angela,Hayabusa,Martis,Fanny,Joy,Valentina,Terizla,Grock,Lancelot,Irithel,Yve,Uranus,Khufra,Claude,Edith,Kadita,Kaja,Ling
85,Dewa United,AURA Fire,AURA Fire,Paquito,Angela,Fredrinn,Pharsa,Khufra,Joy,Fanny,Valentina,Kadita,Yve,Lancelot,Irithel,Kaja,Novaria,Uranus,Claude,Edith,Hayabusa,Terizla,Faramis
86,Alter Ego,Rebellion Zion,Rebellion Zion,Franco,Kaja,Paquito,Fredrinn,Martis,Kadita,Chou,Fanny,Yve,Novaria,Joy,Terizla,Irithel,Arlott,Angela,Valentina,Edith,Claude,Baxia,Minotaur
87,Rebellion Zion,Alter Ego,Alter Ego,Kadita,Chou,Fanny,Arlott,Terizla,Franco,Kaja,Valentina,Novaria,Angela,Joy,Fredrinn,Claude,Grock,Cecilion,Edith,Yve,Martis,Irithel,Khaleed
88,Rebellion Zion,Alter Ego,Rebellion Zion,Kadita,Fanny,Chou,Helcurt,Hayabusa,Franco,Kaja,Valentina,Angela,Novaria,Yve,Martis,Claude,Minotaur,Paquito,Edith,Irithel,Pharsa,Lancelot,Grock
89,Bigetron Alpha,Geek Fam ID,Geek Fam ID,Natalia,Kaja,Faramis,Gloo,Uranus,Joy,Fanny,Paquito,Baxia,Martis,Valentina,Beatrix,Minotaur,Grock,Helcurt,Kadita,Claude,Lancelot,Terizla,Ruby
90,Bigetron Alpha,Geek Fam ID,Geek Fam ID,Kaja,Faramis,Kadita,Martis,Natalia,Joy,Fanny,Paquito,Lesley,Terizla,Valentina,Lancelot,Franco,Karrie,Edith,Claude,Uranus,Pharsa,Ruby,Baxia
91,Alter Ego,Rex Regum Qeon,Alter Ego,Claude,Beatrix,Paquito,Harith,Brody,Fanny,Joy,Kadita,Novaria,Uranus,Irithel,Martis,Yve,Edith,Terizla,Valentina,Chou,Yu Zhong,Fredrinn,Karrie
92,Rex Regum Qeon,Alter Ego,Rex Regum Qeon,Joy,Fanny,Chou,Novaria,Brody,Claude,Beatrix,Kadita,Fredrinn,Baxia,Irithel,Paquito,Yve,Lancelot,Khufra,Valentina,Terizla,Martis,Clint,Edith
93,Alter Ego,Rex Regum Qeon,Rex Regum Qeon,Claude,Beatrix,Paquito,Brody,Karrie,Fanny,Kadita,Joy,Novaria,Helcurt,Irithel,Terizla,Valentina,Lancelot,Minotaur,Chou,Yve,Yu Zhong,Baxia,Bruno
94,Geek Fam ID,ONIC Esport,Geek Fam ID,Joy,Valentina,Edith,Kaja,Chang'e,Paquito,Fanny,Beatrix,Pharsa,Ruby,Kadita,Terizla,Claude,Yve,Baxia,Faramis,Fredrinn,Wanwan,Grock,Lancelot
95,ONIC Esport,Geek Fam ID,Geek Fam ID,Claude,Yve,Paquito,Beatrix,Irithel,Joy,Kadita,Fanny,Edith,Fredrinn,Valentina,Melissa,Uranus,Khufra,Bane,Faramis,Lancelot,Kaja,Brody,Terizla
96,Alter Ego,Bigetron Alpha,Alter Ego,Paquito,Angela,Fredrinn,Baxia,Martis,Chou,Kadita,Terizla,Harith,Irithel,Fanny,Yve,Khufra,Dyrroth,Beatrix,Kaja,Valentina,Uranus,Claude,Lancelot
97,Alter Ego,Bigetron Alpha,Bigetron Alpha,Paquito,Angela,Fredrinn,Beatrix,Brody,Chou,Kadita,Terizla,Kaja,Uranus,Fanny,Yve,Claude,Gloo,Khufra,Valentina,Grock,Joy,Irithel,Akai
98,Bigetron Alpha,Alter Ego,Alter Ego,Terizla,Kadita,Chou,Baxia,Martis,Paquito,Fanny,Joy,Ling,Lancelot,Uranus,Harith,Angela,Edith,Aulus,Valentina,Dyrroth,Beatrix,Fredrinn,Novaria
99,AURA Fire,Rex Regum Qeon,AURA Fire,Claude,Kadita,Irithel,Kaja,Baxia,Fanny,Joy,Edith,Terizla,Uranus,Yve,Brody,Fredrinn,Grock,Khaleed,Beatrix,Paquito,Pharsa,Chou,Martis
100,AURA Fire,Rex Regum Qeon,Rex Regum Qeon,Kadita,Claude,Irithel,Karrie,Wanwan,Fanny,Edith,Johnson,Chou,Helcurt,Yve,Beatrix,Terizla,Khufra,Lancelot,Valentina,Fredrinn,Kaja,Bruno,Yu Zhong
101,Rex Regum Qeon,AURA Fire,Rex Regum Qeon,Johnson,Edith,Fanny,Yve,Pharsa,Kadita,Claude,Fredrinn,Terizla,Chou,Valentina,Grock,Brody,Khufra,Yu Zhong,Irithel,Paquito,Baxia,Kaja,Novaria
102,Rebellion Zion,Dewa United,Dewa United,Chou,Lancelot,Kadita,Edith,Khufra,Paquito,Kaja,Yve,Joy,Terizla,Valentina,Franco,Beatrix,Gloo,Baxia,Fredrinn,Pharsa,Brody,Ruby,Lapu-Lapu
103,Rebellion Zion,Dewa United,Dewa United,Chou,Lancelot,Kadita,Terizla,X.Borg,Paquito,Kaja,Yve,Lesley,Brody,Fredrinn,Novaria,Edith,Pharsa,Karrie,Baxia,Valentina,Claude,Granger,Lapu-Lapu
104,ONIC Esport,Alter Ego,ONIC Esport,Terizla,Yve,Paquito,Uranus,Martis,Fanny,Joy,Kadita,Ling,Lancelot,Fredrinn,Claude,Khufra,Yu Zhong,Faramis,Valentina,Chou,Irithel,Baxia,X.Borg
105,Alter Ego,ONIC Esport,ONIC Esport,Joy,Fanny,Claude,Harith,Karrie,Terizla,Yve,Valentina,Uranus,Paquito,Kadita,Beatrix,Novaria,Arlott,Martis,Fredrinn,Faramis,Ling,Angela,Wanwan
106,Rebellion Zion,Rex Regum Qeon,Rex Regum Qeon,Kadita,Chou,Yve,Kaja,Baxia,Joy,Fanny,Edith,Gord,Franco,Claude,Novaria,Terizla,Guinevere,Lapu-Lapu,Valentina,Paquito,Irithel,Fredrinn,Khufra
107,Rex Regum Qeon,Rebellion Zion,Rebellion Zion,Joy,Fanny,Edith,Novaria,Wanwan,Kadita,Chou,Khufra,Baxia,Martis,Claude,Valentina,Yu Zhong,Grock,Kaja,Fredrinn,Paquito,Yve,Irithel,Franco
108,Rebellion Zion,Rex Regum Qeon,Rebellion Zion,Kadita,Chou,Valentina,Khufra,Edith,Joy,Yve,Fanny,Franco,Kaja,Paquito,Novaria,Irithel,Terizla,Martis,Claude,Fredrinn,Pharsa,Esmeralda,Minotaur
109,Dewa United,Bigetron Alpha,Bigetron Alpha,Fanny,Paquito,Joy,Dyrroth,Novaria,Fredrinn,Terizla,Kadita,Ling,Baxia,Angela,X.Borg,Brody,Martis,Chou,Grock,Valentina,Claude,Lancelot,Esmeralda
110,Dewa United,Bigetron Alpha,Dewa United,Fanny,Paquito,Angela,Hayabusa,Baxia,Fredrinn,Kadita,Terizla,Brody,Lesley,Joy,Valentina,Edith,Grock,Bruno,Kaja,Claude,Pharsa,Lancelot,Gloo
111,Dewa United,Bigetron Alpha,Dewa United,Fanny,Paquito,Angela,X.Borg,Grock,Kadita,Terizla,Edith,Kaja,Franco,Fredrinn,Irithel,Yve,Ruby,Uranus,Joy,Valentina,Beatrix,Chou,Khaleed
112,EVOS Legends,Geek Fam ID,Geek Fam ID,Yve,Joy,Novaria,Lancelot,X.Borg,Kadita,Fanny,Paquito,Martis,Diggie,Valentina,Terizla,Bruno,Angela,Baxia,Fredrinn,Edith,Faramis,Beatrix,Ruby
113,Geek Fam ID,EVOS Legends,Geek Fam ID,Joy,Angela,Kaja,Gord,Bruno,Yve,Fanny,Kadita,Claude,X.Borg,Fredrinn,Ruby,Valentina,Arlott,Irithel,Edith,Lancelot,Terizla,Novaria,Ixia
114,Dewa United,ONIC Esport,Dewa United,Fanny,Paquito,Kadita,X.Borg,Brody,Yve,Fredrinn,Terizla,Uranus,Arlott,Valentina,Baxia,Kaja,Lapu-Lapu,Irithel,Joy,Edith,Gord,Khufra,Ixia
115,ONIC Esport,Dewa United,ONIC Esport,Terizla,Baxia,Kaja,Uranus,Franco,Fanny,Paquito,Kadita,Valentina,Novaria,Fredrinn,Joy,Chou,Lylia,Beatrix,Edith,Yve,Martis,Bruno,Ruby
116,Dewa United,ONIC Esport,Dewa United,Fanny,Paquito,Kadita,Brody,Chou,Kaja,Fredrinn,Baxia,Irithel,Franco,Valentina,Uranus,Hayabusa,Edith,Melissa,Yve,Joy,Dyrroth,Bruno,Hilda
117,EVOS Legends,Alter Ego,EVOS Legends,Kadita,Yve,Joy,Helcurt,Chou,Paquito,Fanny,Edith,Diggie,Floryn,Fredrinn,Gord,Bruno,Arlott,Uranus,Valentina,X.Borg,Brody,Akai,Valir
118,EVOS Legends,Alter Ego,Alter Ego,Joy,Yve,Fredrinn,Novaria,Diggie,Paquito,Fanny,Kadita,Claude,Uranus,Valentina,Lancelot,Edith,Irithel,Grock,Terizla,Bruno,Helcurt,Chou,Faramis
119,Alter Ego,EVOS Legends,Alter Ego,Paquito,Joy,Fanny,Claude,Beatrix,Kadita,Yve,Novaria,Lancelot,Helcurt,Bruno,Faramis,Terizla,Valir,Hayabusa,Valentina,Fredrinn,X.Borg,Ixia,Chou
120,Rebellion Zion,AURA Fire,Rebellion Zion,Kadita,Chou,Fredrinn,Khufra,Martis,Franco,Yve,Edith,Brody,Kaja,Paquito,Valentina,Baxia,Irithel,Angela,Terizla,Bruno,Novaria,Guinevere,Pharsa
121,AURA Fire,Rebellion Zion,Rebellion Zion,Franco,Yve,Edith,Grock,Novaria,Kadita,Chou,Terizla,Angela,Khufra,Paquito,Bruno,Baxia,Floryn,Pharsa,Valentina,Fredrinn,Irithel,Kaja,Balmond
122,Rex Regum Qeon,ONIC Esport,ONIC Esport,Fanny,Joy,Faramis,Lancelot,Helcurt,Claude,Yve,Paquito,Yu Zhong,Khufra,Kadita,Baxia,Edith,Irithel,Chou,Valentina,Fredrinn,Bruno,Kaja,X.Borg
123,ONIC Esport,Rex Regum Qeon,ONIC Esport,Claude,Yve,Baxia,Kaja,Yu Zhong,Fanny,Kadita,Joy,Novaria,Lancelot,Fredrinn,Chou,Bruno,X.Borg,Gord,Edith,Valentina,Martis,Brody,Paquito
124,Rex Regum Qeon,Bigetron Alpha,Rex Regum Qeon,Fanny,Joy,Diggie,Irithel,Lancelot,Claude,Yve,Paquito,Kadita,Chou,Bruno,Martis,X.Borg,Grock,Lylia,Edith,Fredrinn,Gord,Brody,Esmeralda
125,Rex Regum Qeon,Bigetron Alpha,Bigetron Alpha,Fanny,Joy,Diggie,Irithel,Brody,Claude,Yve,Martis,Faramis,Valentina,Bruno,Fredrinn,Khufra,Lylia,Terizla,Paquito,Edith,Kadita,Beatrix,Lancelot
126,Rex Regum Qeon,Bigetron Alpha,Rex Regum Qeon,Fanny,Diggie,Joy,Kadita,Novaria,Claude,Yve,Martis,Beatrix,Irithel,Edith,Valentina,Grock,Yu Zhong,Brody,Paquito,Fredrinn,Bruno,Faramis,Valir
127,Dewa United,EVOS Legends,Dewa United,Fanny,Paquito,Valentina,Edith,Kaja,Yve,Joy,Fredrinn,Irithel,Claude,Angela,X.Borg,Baxia,Beatrix,Novaria,Martis,Kadita,Bruno,Lapu-Lapu,Estes
128,Dewa United,EVOS Legends,EVOS Legends,Fanny,Paquito,Angela,Diggie,Estes,Joy,X.Borg,Novaria,Kaja,Yu Zhong,Valentina,Baxia,Edith,Irithel,Lapu-Lapu,Bruno,Terizla,Gord,Fredrinn,Kadita
129,Dewa United,EVOS Legends,Dewa United,Fanny,Paquito,Bruno,Kadita,Yu Zhong,Joy,X.Borg,Yve,Faramis,Novaria,Terizla,Brody,Franco,Pharsa,Baxia,Fredrinn,Angela,Beatrix,Valentina,Lapu-Lapu
130,AURA Fire,Bigetron Alpha,Bigetron Alpha,Fanny,Joy,Kadita,Pharsa,Lancelot,Fredrinn,Yve,Valentina,Brody,Novaria,Edith,Gord,Baxia,Beatrix,Esmeralda,Paquito,Bruno,Grock,Lylia,Diggie
131,AURA Fire,Bigetron Alpha,Bigetron Alpha,Fanny,Joy,Bruno,Grock,Baxia,Fredrinn,Yve,Valentina,Diggie,Martis,Paquito,Brody,Gord,Guinevere,Khufra,Claude,Edith,Kadita,Lancelot,Terizla
132,Alter Ego,Geek Fam ID,Alter Ego,Fredrinn,Yve,Fanny,Beatrix,Gloo,Kadita,Bruno,Joy,Helcurt,Baxia,Terizla,Novaria,Claude,Martis,Khufra,Valentina,Edith,Lancelot,Kaja,Irithel
133,Alter Ego,Geek Fam ID,Geek Fam ID,Fredrinn,Yve,Fanny,Faramis,Novaria,Terizla,Kadita,Bruno,Martis,Joy,Valentina,Claude,Yu Zhong,Valir,Akai,Edith,Baxia,Irithel,Gord,Khaleed
134,Alter Ego,Geek Fam ID,Geek Fam ID,Baxia,Yve,Fanny,Faramis,Khaleed,Terizla,Kadita,Bruno,X.Borg,Gloo,Valentina,Irithel,Grock,Yu Zhong,Valir,Edith,Fredrinn,Beatrix,Novaria,Uranus
135,Geek Fam ID,Dewa United,Dewa United,Terizla,Bruno,Angela,Ruby,Khufra,Fanny,Valentina,Joy,Irithel,Beatrix,Edith,Kadita,Lancelot,Paquito,Brody,Fredrinn,Yve,Claude,Kaja,Yu Zhong
136,Geek Fam ID,Dewa United,Dewa United,Terizla,Angela,Bruno,Lapu-Lapu,X.Borg,Fanny,Valentina,Joy,Edith,Kadita,Fredrinn,Gord,Claude,Arlott,Khufra,Baxia,Yve,Irithel,Kaja,Uranus
137,AURA Fire,ONIC Esport,ONIC Esport,Fanny,Joy,Bruno,Kaja,Martis,Fredrinn,Yve,Baxia,Terizla,Paquito,Claude,Valentina,Lancelot,Khufra,X.Borg,Kadita,Edith,Irithel,Hayabusa,Uranus
138,ONIC Esport,AURA Fire,ONIC Esport,Yve,Baxia,Martis,Terizla,X.Borg,Joy,Bruno,Fanny,Hayabusa,Chou,Fredrinn,Kadita,Irithel,Leomord,Kaja,Claude,Edith,Lancelot,Pharsa,Khufra
139,Rebellion Zion,Bigetron Alpha,Rebellion Zion,Kadita,Joy,Fanny,Lancelot,Khufra,Paquito,Edith,Fredrinn,Diggie,Angela,Bruno,Baxia,Valentina,Kaja,Lapu-Lapu,Brody,Yve,Terizla,Martis,Franco
140,Rebellion Zion,Bigetron Alpha,Rebellion Zion,Kadita,Joy,Fanny,Novaria,Gord,Paquito,Fredrinn,Valentina,Arlott,Kaja,Yve,Irithel,Baxia,Angela,Edith,Terizla,Bruno,Lancelot,Lylia,Grock
141,Dewa United,Alter Ego,Alter Ego,Fanny,Bruno,Kadita,Yu Zhong,Beatrix,Baxia,Terizla,Yve,Chou,Grock,Fredrinn,Brody,Pharsa,Uranus,Kaja,Novaria,Martis,Edith,Claude,Dyrroth
142,Dewa United,Alter Ego,Dewa United,Fanny,Bruno,Novaria,Claude,Dyrroth,Baxia,Yve,Terizla,Faramis,Angela,Edith,Fredrinn,Irithel,Franco,Pharsa,Martis,Kadita,Valentina,Uranus,Brody
143,Dewa United,Alter Ego,Alter Ego,Fanny,Bruno,Novaria,Chou,Kaja,Baxia,Yve,Terizla,Franco,Uranus,Edith,Irithel,Martis,Pharsa,Angela,Fredrinn,Kadita,Claude,Valentina,Helcurt
144,EVOS Legends,Rex Regum Qeon,Rex Regum Qeon,Paquito,Yve,Claude,Gord,Terizla,Fanny,Bruno,Joy,Kadita,X.Borg,Novaria,Fredrinn,Brody,Arlott,Badang,Edith,Irithel,Baxia,Yu Zhong,Angela
145,Rex Regum Qeon,EVOS Legends,Rex Regum Qeon,Fanny,Joy,Bruno,X.Borg,Yu Zhong,Yve,Paquito,Edith,Irithel,Beatrix,Baxia,Terizla,Novaria,Karrie,Kaja,Kadita,Claude,Gord,Grock,Alpha
146,Rebellion Zion,ONIC Esport,ONIC Esport,Kadita,Fanny,Chou,Terizla,Irithel,Baxia,Fredrinn,Paquito,Kaja,Franco,Bruno,Martis,Valentina,Angela,Lapu-Lapu,Yve,Edith,Joy,Beatrix,Ruby
147,Rebellion Zion,ONIC Esport,ONIC Esport,Kadita,Fanny,Chou,Terizla,Dyrroth,Baxia,Fredrinn,Paquito,Kaja,Franco,Bruno,Martis,Valentina,Diggie,Uranus,Yve,Edith,Joy,Beatrix,Khaleed
148,EVOS Legends,AURA Fire,EVOS Legends,Yve,Paquito,Bruno,Yu Zhong,Khufra,Joy,Kadita,Fredrinn,Martis,Lancelot,Edith,Pharsa,Beatrix,Terizla,Dyrroth,Baxia,Valentina,Claude,Grock,Angela
149,AURA Fire,EVOS Legends,EVOS Legends,Joy,Kadita,Baxia,Martis,Akai,Yve,Paquito,Lancelot,Uranus,Terizla,Fredrinn,Irithel,Chou,Fanny,Pharsa,Bruno,Edith,Yu Zhong,Valentina,Grock
150,Geek Fam ID,Rex Regum Qeon,Geek Fam ID,Paquito,Baxia,Edith,Yu Zhong,Martis,Fanny,Joy,Mathilda,Lancelot,Kaja,Fredrinn,Valentina,Irithel,Rafaela,Khaleed,Benedetta,Kadita,Chou,Guinevere,Popol and Kupa
151,Geek Fam ID,Rex Regum Qeon,Geek Fam ID,Paquito,Baxia,Edith,Kaja,Yu Zhong,Fanny,Joy,Mathilda,Lancelot,Gloo,Fredrinn,Bruno,Rafaela,Khaleed,Novaria,Irithel,Valentina,Akai,Angela,Terizla
152,Rebellion Zion,EVOS Legends,EVOS Legends,Kadita,Yve,Bruno,Rafaela,Baxia,Paquito,Mathilda,Edith,Franco,X.Borg,Angela,Brody,Fredrinn,Ruby,Lapu-Lapu,Irithel,Valentina,Terizla,Kaja,Joy
153,EVOS Legends,Rebellion Zion,EVOS Legends,Paquito,Franco,Baxia,Bruno,Terizla,Kadita,Edith,Mathilda,Angela,Kaja,Irithel,Pharsa,Yu Zhong,Chou,Fanny,Fredrinn,Valentina,Rafaela,Beatrix,Arlott
154,Geek Fam ID,AURA Fire,AURA Fire,Paquito,Yve,Martis,Angela,Kaja,Baxia,Valentina,Fredrinn,Bruno,Irithel,Mathilda,Terizla,Fanny,Harith,Lylia,Edith,Joy,Brody,Kadita,Khufra
155,AURA Fire,Geek Fam ID,Geek Fam ID,Baxia,Valentina,Fanny,Novaria,Khaleed,Fredrinn,Mathilda,Joy,Brody,Kaja,Edith,Lancelot,Kadita,Beatrix,Paquito,Irithel,Rafaela,Martis,Faramis,Uranus
156,Geek Fam ID,AURA Fire,Geek Fam ID,Joy,Kadita,Fanny,Angela,Khufra,Baxia,Valentina,Edith,Uranus,Khaleed,Mathilda,Martis,Bruno,Novaria,Esmeralda,Irithel,Fredrinn,Lylia,Paquito,Kaja
157,Bigetron Alpha,ONIC Esport,ONIC Esport,Fredrinn,Valentina,Kadita,Lancelot,Grock,Paquito,Angela,Mathilda,Terizla,Uranus,Fanny,Novaria,Edith,X.Borg,Melissa,Kaja,Faramis,Brody,Akai,Khaleed
158,ONIC Esport,Bigetron Alpha,ONIC Esport,Paquito,Angela,Fredrinn,X.Borg,Wanwan,Fanny,Joy,Mathilda,Ling,Hayabusa,Kadita,Irithel,Terizla,Valentina,Leomord,Novaria,Edith,Lancelot,Bruno,Khufra
159,Rebellion Zion,Geek Fam ID,Rebellion Zion,Kadita,Fanny,Fredrinn,Minotaur,Ruby,Mathilda,Kaja,Baxia,Yve,Beatrix,Edith,Franco,Martis,Angela,Irithel,Joy,Valentina,Terizla,Rafaela,Brody
160,Geek Fam ID,Rebellion Zion,Geek Fam ID,Franco,Kaja,Angela,Paquito,Uranus,Kadita,Mathilda,Terizla,Novaria,Lylia,Edith,Rafaela,Fredrinn,Beatrix,Valentina,Irithel,Baxia,Yve,Lapu-Lapu,Minotaur
161,Rebellion Zion,Geek Fam ID,Geek Fam ID,Fredrinn,Kadita,Rafaela,Uranus,Valentina,Franco,Kaja,Mathilda,Terizla,Paquito,Edith,Irithel,Martis,Novaria,Valir,Angela,Baxia,Bruno,X.Borg,Gord
162,AURA Fire,Alter Ego,Alter Ego,Fanny,Terizla,Valentina,Uranus,Esmeralda,Fredrinn,Paquito,Angela,Lylia,Yve,Mathilda,Joy,Irithel,Edith,Chou,Rafaela,Baxia,Bruno,Khaleed,Faramis
163,AURA Fire,Alter Ego,AURA Fire,Fanny,Terizla,Valentina,Faramis,Khaleed,Fredrinn,Paquito,Angela,Yve,Kadita,Mathilda,Martis,Irithel,Pharsa,Badang,Baxia,Rafaela,Bruno,Novaria,Yu Zhong
164,AURA Fire,Alter Ego,AURA Fire,Fanny,Terizla,Valentina,Khaleed,Yu Zhong,Fredrinn,Paquito,Mathilda,Pharsa,Badang,Irithel,Martis,Rafaela,Benedetta,Novaria,Angela,Baxia,Bruno,Lapu-Lapu,Faramis
165,ONIC Esport,EVOS Legends,ONIC Esport,Baxia,Yu Zhong,Angela,Akai,Grock,Fanny,Kadita,Mathilda,Joy,Hayabusa,Fredrinn,Bruno,Novaria,Floryn,Khaleed,Irithel,Valentina,Edith,Martis,Rafaela
166,EVOS Legends,ONIC Esport,EVOS Legends,Fanny,Kadita,Edith,Bruno,Kaja,Yu Zhong,Angela,Novaria,Khaleed,Paquito,Mathilda,Irithel,Baxia,Pharsa,Terizla,Valentina,Fredrinn,Joy,Brody,Chou
167,EVOS Legends,ONIC Esport,ONIC Esport,Fanny,Kadita,Valentina,Kaja,Franco,Mathilda,Baxia,Irithel,Yu Zhong,Khaleed,Angela,Bruno,Akai,Pharsa,Uranus,Beatrix,Novaria,X.Borg,Edith,Lancelot
168,EVOS Legends,Bigetron Alpha,Bigetron Alpha,Paquito,Fanny,Angela,Diggie,X.Borg,Irithel,Mathilda,Baxia,Arlott,Yu Zhong,Edith,Fredrinn,Beatrix,Kadita,Khufra,Bruno,Valentina,Lancelot,Terizla,Atlas
169,EVOS Legends,Bigetron Alpha,Bigetron Alpha,Fanny,Edith,Lancelot,Novaria,Franco,Irithel,Mathilda,Baxia,Akai,Martis,Bruno,Terizla,Valentina,Rafaela,Grock,Angela,Paquito,Fredrinn,Beatrix,Cecilion
170,Rex Regum Qeon,Dewa United,Rex Regum Qeon,Mathilda,Rafaela,Kaja,Grock,Valentina,Fanny,Paquito,Angela,Kadita,Yu Zhong,Edith,Irithel,Martis,Khaleed,Lylia,Fredrinn,Novaria,Brody,Terizla,Franco
171,Rex Regum Qeon,Dewa United,Dewa United,Mathilda,Rafaela,Kaja,Franco,Kadita,Fanny,Paquito,Angela,Lancelot,Joy,Irithel,Edith,Yu Zhong,Gord,Martis,Novaria,Fredrinn,X.Borg,Chou,Karrie
172,Dewa United,Rex Regum Qeon,Rex Regum Qeon,Fanny,Paquito,Irithel,Chou,Ixia,Mathilda,Rafaela,Kaja,Fredrinn,Franco,Novaria,Brody,X.Borg,Grock,Lancelot,Angela,Baxia,Yu Zhong,Edith,Claude